{
    "m": 4,
    "k": 10,
    "T": 5,
    "min_demand": 0,
    "max_demand": 20,
    "h": 0.5,
    "r": 5,
    "c": 3,
    "theta": 2,
    "s": 0.2,
    "alpha": 0.95,
    "maxhold": 3,
    "lambda": 8,

    "Note!!": "Make sure the num_distri and the real number of distributions always match!!",
    "Note!!": "And the total number of elements in a distribution should not exceed 60!!",
    "Note!!": "the first two elements in the distribution array shall be min_demand(included)",
    "Note!!": "and max_demand(excluded) respectively",
    "num_distri": 2,
    "demand_distribution": [
        [ 0, 20,
          0.00033546, 0.0026837, 0.0107348, 0.02862614, 0.05725229,
          0.09160366, 0.12213822, 0.13958653, 0.13958653, 0.12407692,
          0.09926153, 0.07219021, 0.0481268, 0.02961649, 0.01692371,
          0.00902598, 0.00451299, 0.00212376, 0.00094389, 0.00039743 ],

        [ 0, 20,
          0.00033546, 0.0026837, 0.0107348, 0.02862614, 0.05725229,
          0.09160366, 0.12213822, 0.13958653, 0.13958653, 0.12407692,
          0.09926153, 0.07219021, 0.0481268, 0.02961649, 0.01692371,
          0.00902598, 0.00451299, 0.00212376, 0.00094389, 0.00039743 ]
    ]
}
