{

    "m": 4,

    "k": 10,

    "T": 5,

    "h": 0.5,

    "r": 5,

    "c": 3,

    "theta": 2,

    "s": 0.2,

    "alpha": 0.95,

    "maxhold": 3,

    "lambda": 8,

    "min_demand": 0,
    "max_demand": 20,

    "demand_distribution": [
        0.00033546, 0.0026837, 0.0107348, 0.02862614, 0.05725229,
        0.09160366, 0.12213822, 0.13958653, 0.13958653, 0.12407692,
        0.09926153, 0.07219021, 0.0481268, 0.02961649, 0.01692371,
        0.00902598, 0.00451299, 0.00212376, 0.00094389, 0.00039743
    ]
}
